header:,ID,Name,Measure,Type,Wave,Unit,Fit-Func,Fit-Order,Fit-R^2,Fit-Coef,FileName
record:,1,KAIAO,Kit Method,BCA,562,mg/mL,y=3.93903x^1+4.60293,1,0.192108,3.93903;4.60293,171212114458.csv
data:,0.141647,4,1
data:,0.585645,6,1
data:,0.336728,8,1

0.41383
6.23302
1

0.202875
5.40206
1

0.159368
5.23069
1

-0.143222
4.03877
1

-0.31048
3.37994
1

-0.157587
3.98219
1

0.0117035
4.64903
1