header:,ID,Name,Conc,Unit,A260/A280,A260/A230,A260,A230,A280,Type,Coef,Measure,FileName
record:,1,S,0.00468084,mg/mL,6.31045,-0.120956,0.0295382,-0.244206,0.00468084,A280,10,Protein,20171101101634.csv
